Nutrition_Protein,Nutrition_Carbohydrates,Nutrition_Minerals,Environmental_Temperature,Environmental_Humidity,Previous_Milk_Production,Milk_Production
28.73375917,42.34437669,13.97448157,25.34370894,46.7284437,19.74164728,18.27339195
29.89770402,33.14629422,15.13611047,21.91594855,73.34296439,11.1376118,9.405678725
18.73820431,35.68540689,12.5335717,29.49409065,47.8043528,5.560974967,11.38301961
28.59487523,44.60186085,19.87659592,16.1902442,75.70445312,7.971319232,18.56212179
24.19294825,35.05260753,12.91495741,17.27234377,58.34599592,3.402606548,10.60526451
28.87816463,34.44734672,17.70742531,15.78856075,67.07907009,15.23774558,7.071822919
24.8558273,43.77311999,14.2749565,26.980076,59.88963392,15.46948036,15.94310212
25.94534412,31.66122668,12.06217405,29.4145591,43.75963718,17.50241985,8.85700395
24.5253469,41.39373615,17.99718764,16.49951427,51.6288923,0.532051272,6.369388512
28.37391456,44.8209835,13.33606789,32.30938722,79.34927416,11.23962683,14.46458917
26.80691903,43.51944016,18.65193347,20.52948172,78.42859007,4.285108687,16.03211353
24.25512375,39.77501878,19.15257185,31.44483489,52.81947591,6.81766031,15.83432335
28.41792965,34.71091192,18.59823835,38.56553136,79.85187217,15.69911231,19.55348828
20.94342639,33.81482972,10.35007915,31.58654088,73.82204782,3.840673047,15.73333898
19.88808792,42.28882657,17.87373345,36.19663327,64.43837998,12.76683501,15.39866872
19.92480126,43.19732871,14.11339466,37.75676416,41.60498481,13.09132382,17.14970507
22.00810654,37.88152369,18.7372292,26.68202516,76.05787318,19.0818783,0.003703906
20.86428038,33.66509911,16.37954263,31.85579951,62.29717117,15.50321857,7.248628224
29.16108421,31.69414813,18.33643134,35.44726209,74.73904605,16.07270294,14.75206192
19.27000913,31.30769202,14.9943177,23.55861391,73.3771648,10.63201498,11.99438022
26.38788886,40.78616171,15.35025505,21.2735356,73.32024861,3.735616143,3.551440053
20.27065848,36.30178092,11.44387632,37.71836575,67.92695443,8.511267314,6.074661782
28.57964559,43.58039811,17.83987359,32.43128401,51.65660555,10.98979147,6.735852222
29.53578346,41.09506951,14.19389612,20.2723712,53.44641031,13.56838503,11.35656222
23.58564011,32.86890627,15.00080118,25.77800142,52.3387685,12.15418224,16.63196593
28.54885776,39.20666128,17.85097714,34.11484247,40.80183998,7.879556578,18.6498356
18.06174205,36.53258182,15.988454,28.12951178,63.30275637,5.30626214,15.00184826
27.83936301,38.65874596,12.01098727,30.59885036,67.95334682,3.364616864,16.8590078
20.74350194,41.07103685,15.90232659,33.09043685,74.15463974,13.87690773,9.401919169
28.90441571,42.09293822,14.07632858,29.92822053,45.60661734,12.90797349,7.795506392
18.01344134,42.6560599,14.69525542,27.96190373,61.76732596,13.74744932,7.854170643
24.67418082,33.80962312,10.28311274,32.99074283,40.32032563,7.450549056,12.32077057
27.07962965,30.466734,12.1002935,32.46151285,43.80374591,5.248156451,2.484734111
21.10425997,41.08942103,12.81038081,30.1169376,42.16846977,15.19442657,11.58988366
20.31759438,31.59515589,17.12960008,23.63494592,69.01912136,15.4729479,13.3026572
19.00917869,34.72379383,10.11492473,24.73949021,43.24238256,9.112327479,8.778174804
21.91720292,30.05725701,14.08777261,38.29052517,68.65811926,12.2380817,19.06334354
24.71813175,40.22504224,19.2402687,17.69726237,49.98498818,7.470393285,12.16426545
19.39012628,32.50698017,11.11880617,21.44411801,75.10851843,14.038944,4.399989445
22.52034434,39.82923615,15.16424388,26.81764222,72.52599953,16.71443193,9.584325149
18.10886886,44.87613926,17.86522382,35.08151247,78.3132087,13.76466555,13.50808874
27.82415305,31.09006307,19.42531308,18.92821593,75.35048062,10.25165254,6.472582492
19.54138462,31.15617018,17.4677664,21.64691083,77.33317676,9.17315919,1.592832126
21.40011538,35.10570139,17.20565549,16.57915723,74.34969586,12.84639302,11.66871269
18.22113262,42.99579771,18.2648809,31.94364639,67.73527602,13.59621783,18.95740337
23.18688941,33.23294803,14.46201221,20.71702645,46.81036609,11.17458887,9.701439711
28.08145803,35.4056673,18.05844533,24.32819402,50.86830075,12.4988455,18.12218161
22.70581454,31.0275811,10.07964405,25.64883473,48.50907865,1.93177365,16.70047177
20.15396788,41.44732937,19.24561055,36.39153445,64.14343151,19.03531032,2.948255673
27.04438601,36.12459514,14.4330651,24.87192697,60.14479752,15.81546127,14.16339844
27.46568378,41.388731,15.53380188,18.48540048,74.68319989,7.478557394,8.709310501
20.0850417,43.55411767,12.54882249,27.58355852,78.10691466,11.25625222,5.004926505
27.2502493,33.49144721,17.42530833,38.11099187,56.19439558,0.946490603,13.73876711
29.36757466,42.11094046,10.76635806,29.58445539,60.25402213,0.82455628,14.85321437
19.99653104,30.88640835,18.72635803,38.60129329,78.86065427,5.015966702,3.597926375
27.25181151,43.48271082,18.28116829,35.18657541,51.04955766,13.79403285,18.28889364
26.50286406,39.76152821,12.16060116,15.86317815,71.69563101,17.04295496,15.02294488
23.68288666,43.11340086,18.09324398,30.80159029,49.00959609,11.1837176,18.66750998
18.69504553,30.00282599,17.86357733,21.88240506,67.25840462,10.64265479,6.341464375
18.89633301,32.53621606,16.32216598,28.43080454,50.14462511,8.046190676,18.78670031
28.22897591,35.84639081,13.73520177,21.70428458,75.34933555,3.231959119,7.370353157
29.88178047,35.69254355,12.71498754,23.37289,62.45911775,2.367082027,1.079395229
26.11262709,33.40095574,12.3178359,37.15604908,47.43734563,15.21359522,15.25938777
23.35149968,35.7241791,13.18608963,19.95943644,48.97476703,18.55007103,14.07016288
25.77088372,31.93273068,19.03558443,35.97861883,59.75396783,9.165664328,11.95821985
25.13275031,36.19141694,10.77640776,15.73098739,78.46408102,13.18891317,9.797874888
22.60334712,42.03531494,18.28871276,17.18103692,70.78568656,18.28915302,0.643305406
18.78751373,37.18605095,13.48890075,35.51220099,59.53238571,1.802272659,12.49194503
27.85815537,30.27000133,15.21599396,30.13334474,53.50876578,15.40962906,8.336692304
22.46200235,36.32166062,17.94485634,32.93366731,61.97073973,12.33633769,11.20418805
27.82542772,30.40762524,18.84376547,20.0260241,69.93443334,11.97274358,8.586426839
21.030105,44.49365116,13.4478142,27.89000293,71.35714354,5.85080857,19.32112266
18.01235376,31.91180939,14.61843481,32.69326137,52.98435192,13.6778671,12.08217802
19.9072594,40.61532489,14.14516065,30.05553929,68.84637073,15.8959551,14.98472661
23.622473,44.59164484,10.13251034,26.32077041,66.3115512,2.257163299,18.72693895
29.33164362,42.39058577,12.95942889,38.03481087,78.36449168,10.67042862,11.83198646
19.22632344,40.48973063,14.59189234,31.227776,77.24361162,2.02530362,0.241250356
28.25051729,42.59191364,14.11093609,36.78601921,71.57517302,17.45148039,0.685833566
24.32428915,44.7269804,17.21929228,32.51449228,68.93578755,10.15273445,14.04676868
27.91104919,39.32016746,13.84803617,32.65112469,50.96166359,16.15931379,5.581702723
21.58049317,38.3877721,14.89376449,16.92043847,73.83861024,7.361712753,11.58759455
28.07936598,39.42357166,14.29608592,23.62715092,57.10022815,2.501564536,4.045543622
27.27387336,37.9901383,17.40626149,35.60086576,50.8896217,0.829986088,5.404977501
20.7606442,39.52633659,18.62972399,20.58249269,55.36643032,5.630192415,10.09282112
19.57602152,36.74763312,15.31889079,17.77214079,73.4374196,4.884674007,19.51138927
28.41665187,33.27664774,17.89432194,22.82654536,45.94532862,11.20703948,12.32540978
29.55883984,31.8037084,12.96786682,20.29050924,58.24634964,0.434776761,18.72296209
18.37562776,31.02511403,15.4136961,37.20691668,59.69430378,10.41141089,19.18759709
26.7752408,33.94973676,13.45229954,35.83119941,41.4651879,7.83543484,4.162199928
28.91429413,30.69185347,14.14200926,26.99239753,47.82984118,11.5424454,6.223872049
28.28832111,38.5075617,17.32413865,16.47225299,73.06969714,14.04835056,15.39984562
29.57424567,34.25742671,18.81662482,32.14949631,73.23069554,12.6818389,17.33528005
27.12112894,42.36802212,11.21495391,29.96188155,51.69660336,19.69288739,10.38453488
23.30758515,31.11361309,16.34639256,38.2933121,74.99588938,2.765306878,19.86452135
21.74342389,33.39527242,15.82143808,28.41487777,70.87131756,8.594740179,0.231443975
21.84891289,40.95369221,11.18415039,23.07344936,56.71629935,8.496614733,5.991853112
26.69307207,38.98212445,12.1189433,27.45652065,69.93625378,8.341064074,12.46323507
26.95004414,30.96736907,13.11002495,38.50231899,78.45338525,13.27596784,9.385798219
20.40430972,43.15859186,11.66931071,31.71269838,58.35878872,9.796561211,2.332059329
28.41747376,43.15892644,12.43729483,31.12742731,49.53708716,10.3486512,7.35574171
26.57908848,34.95612006,12.67600799,20.77635815,77.67266,8.647119843,0.508942866
24.75300344,35.10608765,13.35673833,32.84646042,64.14977154,19.83398922,12.85492092
23.65838952,44.83542538,17.49390453,33.00652391,44.2106065,18.55122698,17.85485086
24.51879367,39.39264257,15.71912204,22.61493561,62.90731263,6.154483787,17.69748248
19.91094886,37.96974781,19.86246672,26.60913198,60.02323558,2.231878495,13.99088948
20.44441499,42.57228275,14.14735827,22.07047999,74.22355576,16.79529448,9.31540391
19.09397388,34.27935508,17.53865074,21.20892169,61.22780759,19.94340503,10.24063237
19.84389646,36.4377389,18.71468421,15.62150569,50.20929737,5.852177881,2.73837648
23.44432362,34.01665013,16.78978493,21.84508187,67.02576255,7.155698517,6.820341862
24.36425272,41.8374127,14.1186474,28.2952788,61.7030181,18.83266363,3.75456151
18.21434271,38.60024018,17.53594631,15.0384285,49.32178513,14.22259036,16.42400407
27.56157393,39.88237605,12.03667138,21.79725801,62.94511432,5.912766636,18.29507803
21.53001568,33.78460875,13.27552165,36.15384798,72.86142312,11.62092983,10.73846523
28.94203242,33.30337952,15.46685255,29.24756604,41.14283671,18.88459159,14.55528081
29.61013516,37.32561943,15.75409387,29.58870778,65.23404155,16.23626214,2.429295418
20.2255065,41.06348624,10.22141475,24.68074332,53.98340783,14.83665427,12.17069287
23.54516749,37.87859636,19.45114189,31.23533144,51.70685783,14.73992623,14.05582043
18.01478202,30.48968516,16.96627271,19.55838639,55.70351001,3.560406486,9.05536259
25.17992718,43.02827259,14.9570375,34.64992345,53.68090657,16.49362478,4.865461689
25.28767738,30.9703034,19.33127234,17.80053888,73.28956427,5.522372649,17.54749041
20.97047947,44.33736726,14.39095565,30.74403251,50.99191243,18.60733316,14.8581744
24.70095207,30.37712937,19.8043557,23.18758382,69.32612092,7.29279982,17.99714564
20.70648171,40.41675684,15.12284757,32.94031129,43.76239281,17.15320794,16.36805295
19.92990563,31.23310596,11.1428577,28.19434923,78.0558549,5.32466989,19.80748859
25.8182336,43.66014869,17.64800972,25.85647292,64.89266549,10.29053873,3.843454664
21.91110557,36.96649854,16.78897725,19.06613765,68.26874308,2.13770591,1.734955356
25.08316727,32.06285662,17.72986721,30.28371514,51.92157328,13.20237806,6.740055827
23.19896099,35.1122355,19.51442029,38.39447624,56.48386275,16.7215855,2.5800835
29.81221689,32.47237013,17.76489303,34.8144822,48.95113545,14.36894563,10.46260226
19.79496771,32.55872867,16.11336602,16.44019662,77.30144343,10.46517026,12.66057811
23.57518316,44.2216248,18.57308902,24.02950508,59.52417788,0.902317572,11.5657723
26.16547952,36.67869168,16.73246439,37.21399222,65.21792463,18.66882014,5.184802708
22.74654101,41.83203396,14.08119057,27.07304994,69.37088122,14.10979097,18.17648062
29.69639822,39.59408342,18.85619764,30.89068382,54.84424364,14.91728477,0.423447275
26.66265154,40.14639544,12.21900461,36.90238429,68.80406618,15.89361151,6.960267075
25.88380629,31.97540158,17.14641275,35.97107257,67.03969959,14.95486852,14.37984951
27.08471121,33.5127667,18.81563455,27.04368901,68.22637335,8.822323282,15.33857853
29.43178366,41.80125503,17.3131652,25.50351126,59.56919601,14.67243659,8.322370889
28.89382384,44.5614931,16.97275419,23.15262284,55.31749529,12.50053576,0.338196265
26.6914237,33.94013464,17.52638294,32.25646664,48.88328753,17.08032667,12.36087358
26.98993967,34.07353147,14.65055248,21.88768319,72.98505411,16.04919631,1.261893624
19.75106489,37.09345699,18.74170682,20.99730255,64.33400186,0.827487649,2.157115523
19.23350885,44.75760469,12.03436475,23.54999747,57.77408784,7.577741807,13.00501439
24.85085402,34.03438419,11.27386416,19.25316137,77.75983627,0.694323044,6.249766523
18.22041164,36.10457864,12.8550878,31.68287558,41.9135525,2.041498495,6.960603054
23.78827658,43.37220023,15.31577397,29.78977558,74.00687781,12.02821444,9.73614154
20.52419496,30.04381549,15.10561795,26.58908482,79.90330372,17.47643642,19.5715679
22.15219881,30.59648947,18.20598758,24.3678187,75.47768444,2.396495174,19.30884441
27.30965683,39.06107516,14.04568656,36.81750103,72.41746342,9.021785749,8.325219987
29.29485005,43.61070247,14.84344426,15.69897084,54.97223974,18.2175781,5.309984344
18.86899527,33.58284991,10.13367683,33.45858584,49.25256729,16.28601967,6.051843053
24.41090647,37.04462662,14.09739236,36.64582972,69.39402082,10.39335793,5.375625963
28.59040183,36.75697952,16.47774233,25.71250991,52.18301465,15.43142879,10.64491614
18.99010241,37.09457019,10.15508331,28.2165718,47.04158729,10.45387548,12.13719616
27.89416856,39.33779544,12.80881965,37.66712851,71.46103548,3.161846746,9.775587765
22.29361621,37.04615644,12.07956359,20.09466037,52.50174609,2.494722264,8.159887245
21.86513643,36.71202212,10.41985429,27.48323635,76.57766918,3.767364641,4.225700751
29.72959664,37.11432631,14.7926009,26.39330705,73.62530579,7.018441899,9.650111828
20.41030908,38.86301162,11.81723293,21.20142355,73.90561318,18.61058535,6.822054276
26.31832729,38.05511233,17.4308154,34.64623753,70.86278904,15.99356827,10.83190926
27.85728874,42.81203996,18.47927884,36.59041427,75.23525695,8.656031225,13.50378831
18.49420194,30.7424528,15.45585183,33.76638191,72.22987569,9.861534196,12.66624349
26.0446255,42.49975607,19.81707343,19.68861506,64.10045454,5.312189153,9.249804208
29.41859969,42.65886919,14.50478571,17.08196725,51.83290874,14.08705913,11.12104849
19.4906396,34.27362032,15.1336821,29.53066765,75.52836773,16.05531343,5.697122619
28.75465563,36.94277933,19.89217754,16.37027425,73.62414491,4.778093913,0.48480518
25.13731965,36.57807733,12.31548436,31.14782133,58.91517289,0.836432476,12.50038908
25.39925498,33.27764752,19.4254594,27.73018129,41.56314744,12.47777886,5.051371183
25.3553301,35.95195271,10.42837555,30.90685759,65.5417491,11.25024238,13.3790742
21.58603064,30.66581658,14.4638689,29.16409857,42.02387415,8.042623101,14.94016999
29.22242178,34.16733109,10.70003512,25.14486167,77.05119847,12.87787884,18.31855492
29.36820555,42.25023263,17.29234743,19.82105232,78.46525027,11.01226596,19.16245591
25.50365592,34.26843453,16.08408936,22.33685126,47.57960584,5.011631532,0.210520926
27.40107271,42.27310003,17.06634263,27.58801378,67.05557512,7.954579512,19.80748419
25.34709583,37.97399197,13.744804,30.64483425,43.69076018,8.562271395,13.66036637
23.81278137,43.19794016,13.69481934,33.70759241,69.18067714,17.60495989,12.87048321
25.92984142,38.62169331,10.45319279,33.41209724,53.89150665,19.21808308,0.304261904
24.63601743,30.44502335,13.4994494,38.34452984,67.24200447,17.86002725,17.22466824
25.16971035,40.13130311,19.29288402,21.86019477,54.91506037,14.38356048,2.909828945
27.40599064,30.67280352,13.79226537,16.706657,45.82270039,11.69985467,16.74660308
23.77084598,36.75895528,18.31367706,23.29576645,56.24439922,13.78523271,0.311250925
18.48904927,43.94140042,18.42325505,32.83906741,44.50694107,18.78218441,12.91928525
19.96799377,32.47805909,13.73241156,25.51467962,63.075331,4.999974704,8.696030675
23.2632866,35.84808529,16.3198868,34.62692233,41.63806129,10.70241015,4.015334581
26.69791872,40.94790463,10.95371602,28.18383276,61.09278718,13.79216038,2.151227835
25.11934378,43.23387834,11.03678581,37.31500134,75.45474588,13.58494003,8.802553931
25.80353023,40.06414507,10.48657664,37.74872261,73.5149308,5.045579192,2.466116106
23.75134714,33.87259881,15.81015093,16.66330814,75.31126799,11.73463055,9.728932234
25.38890426,40.11911779,14.26070978,25.95392255,76.88195209,15.91826285,12.50434117
21.94820925,34.45091462,15.48032357,29.63253747,44.18111552,9.501579601,16.54768387
23.64219111,40.77643845,15.21073191,21.14094098,45.14988812,15.86596153,13.57298874
26.93134879,44.31049691,13.50202991,24.76984271,62.28027225,7.197651955,1.303995334
28.46199335,40.82090177,16.77473415,31.26435699,75.75890674,18.77520254,6.148650651
23.20386401,42.94320754,17.58501881,20.44162145,78.97397826,10.67856881,5.759572159
18.52393989,30.03155765,10.14628259,29.44755247,41.85047669,11.91895902,18.30064847
19.94007053,40.76358187,12.072423,31.73874788,54.23096337,0.627231376,17.35564089
18.25033367,42.44381335,17.13235868,17.17191147,48.51577019,3.405382743,7.402958367
25.83915623,30.60838106,13.86620173,26.94070358,70.23863396,12.65867761,1.423105118
21.9877755,43.07396591,16.62483947,21.31392072,65.60775474,8.397407436,17.88214636
24.50974363,33.85041342,13.4696266,32.38527254,44.79552126,10.16327581,17.76379906
23.91932216,39.97938153,13.90755152,19.5493322,59.34088269,1.259428175,17.09492264
18.97831787,42.00532319,11.58678874,36.41370997,67.41762089,16.68270477,16.90163275
22.83913633,39.9399677,12.5823102,25.34259208,71.16021576,15.69011205,9.605080022
20.6467335,31.38427188,16.05411758,19.75207273,40.80210839,3.707079514,3.548633045
23.02079746,38.94482278,14.33163111,25.51252311,75.61878296,12.68658715,9.549761009
20.44293936,38.24375485,17.74302683,24.80985031,62.77125532,16.36630423,9.891955413
28.08542888,43.50481902,18.52584955,25.29405503,72.4763646,12.81708273,9.798635065
20.09032004,36.06359594,15.41646418,29.05347104,72.3175212,6.207961906,10.77545172
29.52936662,34.81621646,17.58267292,27.5081694,47.59410641,13.12222301,5.15314046
22.99088839,41.24776147,13.06904513,18.59465116,44.40688481,4.209234954,7.324823623
28.1549435,36.19012989,14.14971215,16.57389774,68.85149076,6.365099946,8.683731839
25.54517782,39.69144263,17.12777676,32.50597077,46.25707675,4.801393062,2.62242419
26.82420358,39.69675135,13.86211993,28.43321846,73.99749966,11.13850205,9.107282691
27.21268666,43.32058597,15.88504935,23.61601843,69.04757935,2.164532935,16.20939234
24.05813858,38.98038603,11.85372779,34.40058774,73.67301457,18.66620761,16.56119085
24.51960628,37.53230415,15.99771315,24.31340338,51.96050718,6.670247073,8.231275438
24.16795041,32.0830699,18.61513707,34.10316215,52.66392242,4.379402542,10.37616624
25.05670054,31.7360641,18.6863964,22.33814706,66.84886225,9.930996272,0.673006643
18.35273335,32.31482348,17.24344406,16.74828714,41.2578382,5.539956369,13.48865113
22.74618204,32.57772722,17.45753379,37.38335265,69.05986985,10.69808173,8.092117659
25.27426456,39.56815639,15.57927445,24.4692271,73.43132283,6.970182996,8.909553662
25.17268278,41.11471875,15.8466809,34.02462175,56.60654346,2.641336215,17.47345454
27.51547314,37.94987284,11.33650581,21.6994592,70.5951532,5.317904841,9.236688691
25.86011207,42.43526599,14.43859188,30.51276269,46.98443668,8.768796899,0.423844925
29.9055998,44.8689484,14.50776284,35.95946096,52.89041575,0.60586453,4.549817817
21.40625434,42.30018944,19.58497836,15.99945654,78.97219852,15.41285054,9.512412286
22.30981236,40.42323561,14.31086863,34.93525835,79.45312694,12.43649129,8.487925855
22.60616582,37.98739049,15.49342645,28.71199212,60.50420212,12.02719215,17.20740275
23.58975368,36.73279608,15.33251399,29.57932209,77.37079166,10.92099864,10.84275019
28.03197677,31.26588571,16.36761717,27.55579202,60.90922712,11.80626345,13.79271484
20.82950513,35.99053123,17.48232831,35.98740248,51.66352513,18.69303905,9.386465941
27.31200248,43.65201955,12.25041876,16.04240057,50.67597152,0.171384216,8.793114681
22.8637222,42.12033945,15.28724419,21.2646814,77.18022821,0.955994193,8.925733369
25.2222646,33.24077048,18.25917707,36.01830093,46.89785556,3.829868199,8.218431394
25.5904864,36.99911677,14.63114714,33.05629686,63.18529833,3.3460276,10.77166772
22.47418365,42.25084804,12.78457546,15.42348384,62.22100272,3.623889189,5.008868035
24.15138246,31.01076832,16.54709075,27.4081508,69.58486739,13.43887772,17.82110388
22.9563741,35.81088879,18.23767396,27.70974434,59.9697163,9.189666021,6.661710962
18.82959343,42.77761855,10.63140293,24.62117124,50.89142643,19.83557757,2.950476684
23.24598467,36.05846796,17.76790483,22.13743997,46.77585999,4.537718296,1.931009572
19.16872071,31.16421967,18.21647933,31.36139641,64.83275214,6.216602021,0.268458302
22.86024959,38.13801553,14.61522928,19.98697115,68.75963027,19.68481434,8.457121571
25.1150208,42.92613742,19.83305657,34.17476549,62.78085115,16.63516282,3.752219771
24.95297879,38.85428314,17.86708341,34.27289186,69.53405108,9.395984414,0.432958052
25.95145535,33.39418662,17.73662565,24.9662745,45.6608481,11.09193771,10.40039093
19.1431381,35.7635943,17.47838574,21.80515226,75.2988078,16.86355841,13.59957097
25.82547895,36.75185042,11.50608103,21.81307636,63.29582034,9.619604921,1.715021018
21.74577668,38.68899531,12.17230886,26.57499178,45.07375708,4.120474472,9.218415458
22.78855135,41.39026539,14.63990131,32.26990139,58.47700817,16.56889077,14.87257357
28.29583505,31.48310426,12.6400435,23.61284858,73.79166951,10.75544983,19.71613642
18.10836485,43.3447805,14.15240972,29.64104029,75.90248774,3.060851943,13.34380689
25.0609516,30.18464555,18.8846411,24.17962705,50.5859802,10.11171662,4.896791016
25.18456776,35.55078502,18.24326892,22.30855654,68.45063299,8.264067612,14.3310728
22.75991732,30.41130465,16.30039878,15.59662838,43.9994099,17.53685064,11.95858854
20.84433429,35.89461338,18.58120394,15.09393854,41.34183486,2.521108627,4.235985772
20.81608846,37.88718898,17.83772389,20.45298427,62.41595815,17.50419609,17.02221652
28.60451604,37.6752208,14.28984932,24.75375088,67.79310317,10.24422034,8.548088545
23.30429249,32.48442521,12.01065152,35.43026802,71.83146925,8.0872886,19.23955309
21.97067236,39.68610765,15.1420104,34.16362183,53.60864954,3.239343688,14.45802015
23.38533089,30.67167676,17.36228883,21.4119663,40.26101642,14.01635925,12.89126309
26.03268482,41.4286023,14.36419599,20.86897063,59.18076948,18.53613418,14.56705675
19.74907882,44.19966651,16.6677191,20.45572971,40.63414181,7.507547078,9.561940376
23.39320602,35.09653241,10.94327426,23.14169617,43.67938043,4.831700013,10.10452956
25.05461245,37.75859073,17.48004736,26.95676927,53.0675609,11.09733834,17.02414771
29.38300026,35.68365417,18.1271362,25.52802653,57.48688198,15.92371897,13.61857073
21.03033338,30.10065585,17.06837856,20.23855677,51.17877765,0.075353891,17.9448665
22.31100897,35.78811754,19.67263588,18.13083384,63.27461066,12.62754873,17.81653507
22.55230308,41.87580389,18.26652057,15.3018675,42.21399157,11.93032001,19.52980068
25.26645789,38.93983263,19.03093728,18.69511773,45.78318841,6.363043716,14.00429318
22.28078464,31.51889872,19.33571083,31.92855288,67.81033603,9.028460072,10.04603435
24.4021431,42.70709235,18.01347992,20.84732566,45.68563414,4.939264483,3.326234004
27.38148396,37.96628017,16.74258842,26.24644344,65.59100806,15.79771476,14.10761119
26.46462713,42.62585043,10.05718581,29.19122757,42.18738483,12.69069867,5.831554335
23.35642376,38.70332278,14.65825753,36.28418167,56.29529116,10.65423244,5.658951361
28.37059413,38.39532667,15.71162299,36.33252236,47.0963788,7.850523968,4.765755529
24.697683,31.57888778,13.04030272,32.89760961,44.3854513,5.82768772,17.50244115
24.47887007,32.510396,13.18104447,15.84376781,62.68131134,16.45472972,17.35928893
18.41025319,44.58037885,19.61159416,28.80169006,77.13343088,9.028153409,12.6194089
29.84031576,33.4273012,18.91710865,33.8780033,42.19148192,10.0289484,9.459619627
19.4756497,44.66178177,18.49179006,15.41491307,56.86216993,10.41657461,13.4422892
20.77357095,37.9786906,14.06011802,28.19243073,68.30141751,8.967338709,12.14458901
18.62036205,32.03683571,10.1369855,35.5863395,58.50751327,5.121768525,8.314684966
25.6800356,31.48953304,10.80222246,26.37844982,72.25983784,2.406808805,7.59261735
20.69641412,33.13296106,13.12196368,15.09854887,47.18581263,1.970745343,7.655886163
20.16012525,43.88455995,10.15742913,15.2643206,78.3837682,15.14925047,11.78266806
19.06266701,36.21225336,10.17149782,24.9992649,55.40650511,4.470556446,12.95338712
19.23970749,35.93151402,19.16603302,18.72020802,53.66278532,1.113456299,9.03483507
25.01604841,34.69809392,17.06158502,30.94681577,74.98423178,15.95034813,19.373829
26.25849439,32.20592776,13.0895599,32.01118236,62.55468128,3.081233057,1.67691436
22.76854786,37.31776796,11.32644578,19.26911509,60.65777368,12.50292183,6.940940519
23.75876498,31.95071674,15.11635718,36.32479892,69.07911678,6.772865429,8.381493663
26.23161283,42.53220355,10.05346161,25.60578828,63.19336953,2.529605134,0.338426869
18.20855748,35.55595479,19.38413744,18.42830178,46.50062579,8.289619585,7.299143753
21.87756788,35.62205352,14.14815119,33.34203835,66.96790491,0.296177223,5.474198343
29.67717298,37.11009643,14.02334955,33.959388,45.33875517,16.82089965,10.1207254
24.96134676,36.6619157,13.90593608,30.34309134,72.23430821,10.26995923,6.728210944
21.05069496,44.9228696,10.6932833,35.48317328,79.58946391,2.783200218,14.5236427
24.26076056,38.18071682,16.3832224,32.69695133,55.095505,4.739606368,10.19864991
22.11184186,31.32302556,17.3300362,36.17293769,57.79023593,8.959503843,2.59524467
24.38693987,39.10316012,16.76125398,25.41331316,41.85734622,3.777387656,15.00122648
19.50889814,32.27376439,11.38435493,32.94233107,40.54932752,5.37198323,1.984577922
19.59257585,30.46406467,15.78840168,38.99403752,76.8567734,10.68771128,16.78098336
19.72250834,44.56113231,15.69484484,32.39834874,45.14496242,16.65218026,18.62844388
29.2778375,41.60308337,18.68410788,17.74041073,57.8311499,8.036793714,6.448905804
26.79478702,44.70163489,13.79127658,27.43964934,72.61418495,14.33950547,18.52285267
19.94858274,37.16817672,13.71485944,29.09634699,75.5727504,17.53368427,15.86016318
20.26018901,37.98386297,16.18527059,19.1810562,60.77590741,4.326018806,18.44871222
26.7699537,32.52505434,16.33072653,38.10939922,62.601301,16.14383941,13.32540274
19.87396614,33.7036114,14.69285227,19.21391466,66.7873589,15.14804397,4.712880788
20.81473552,42.57823822,14.43059362,19.26139007,78.45529881,7.138745959,17.89046474
29.56016199,35.34278471,14.94147671,36.96401131,64.10679844,19.79039919,3.685301523
21.0636783,42.40222461,18.610453,26.16493039,62.37901038,5.251447429,4.26121102
25.9395882,40.63520586,14.61166901,16.5165187,40.58136541,5.096065321,5.421259803
29.74357545,32.65756388,19.39931792,29.3565,43.23798808,15.44518329,6.08492623
22.49156121,37.61169549,15.04003764,29.44383237,63.08686506,8.693146361,10.28959284
18.21019189,40.16080982,19.49200693,16.54801821,77.44961551,6.615899896,14.26914721
20.92976749,33.52555822,18.32831902,38.3405399,74.66765394,3.573256107,18.52416349
27.9705263,42.46032766,13.62431323,28.05671917,79.30315692,15.30664862,1.768751747
28.37530603,38.17241486,18.63641421,28.43509733,61.1133615,15.72643612,19.08738724
27.22223237,32.47863076,11.10063284,27.48276995,71.51723754,11.33128006,18.42645934
19.35731783,38.74476639,19.25047175,29.65756271,73.61601326,19.14627226,1.079985844
27.54612446,44.99570706,16.31643515,21.34319407,65.92126629,6.363265408,7.206422754
29.02413356,32.25782237,10.54390749,21.89379235,53.54999617,4.39238091,16.26286781
25.20731451,42.25135395,16.44256724,27.27213816,58.79913739,13.54933538,12.23153091
29.29050428,33.10963505,19.74247654,34.36046051,74.31668289,15.16817282,15.58187887
27.9220666,41.73582494,10.69800655,16.19674984,51.94191704,4.498119411,14.38066678
26.0036582,41.01866885,15.5468771,29.48170109,76.94972525,1.532215285,9.935402263
24.92622284,34.50734078,17.4779435,34.36267542,49.19225366,16.21032973,0.824360919
22.18288401,34.88734676,18.10258587,18.76601453,69.98065661,19.53003947,11.68536404
19.91144934,41.88782088,14.13827465,15.36054101,65.22236937,12.89344572,0.971333061
25.25944707,36.92168268,12.04166559,22.50511908,69.98397764,5.557338003,12.07453435
21.81733864,40.96227043,10.42342279,29.11544896,57.4939029,19.93345217,16.00821725
28.39726401,32.21976221,15.79726157,18.31879616,77.3056425,17.86533273,11.69983497
29.92004325,42.78836673,14.5291107,25.2269369,65.2988881,10.26761293,19.94043609
27.02913315,40.66327075,19.48744395,28.25571594,51.53183218,16.5064257,9.117330004
19.08578034,43.60414213,10.60604908,29.37319427,65.53820283,16.31641047,14.97654927
21.46422715,31.98558569,16.85395343,21.5858813,51.47262989,18.69597939,13.34426583
19.30931558,38.89521751,10.24966222,24.60071126,51.74529567,16.81847688,19.82863383
25.80613977,38.98680878,11.71434177,33.6801415,55.98394046,12.87358472,14.2643801
27.18229037,35.30191111,14.53579,37.58915266,74.0972167,12.18607438,3.280614629
29.10809797,36.87699637,14.54872443,35.68512795,60.01191498,9.347145767,19.11035413
23.25806816,30.56972345,16.85700543,28.54280404,67.15603369,12.5297128,13.35554453
28.8165078,41.18790058,19.10213035,24.84702727,55.67870961,15.90433173,1.186764616
28.53469391,38.23983719,16.39032159,22.99095874,50.54421759,19.38075253,13.15136612
21.8063486,30.86611578,19.53535098,17.99895759,78.18560643,9.345747164,17.66238813
28.42680751,40.21133839,18.8161564,17.55722993,64.14324988,11.47306406,11.54083724
22.50806702,37.00173116,15.84499796,31.520583,77.35805354,8.896109901,7.080392761
21.56243129,30.51691889,18.33791951,21.23506599,48.13652009,13.36977242,16.41819268
25.78889591,44.5441159,16.4257761,21.11188047,45.87576656,12.59841008,15.65024016
21.94057473,44.23668215,10.78557831,38.95668131,74.23291628,0.356675804,10.88364308
25.56250498,37.69353624,17.40564723,19.51022299,67.2366885,10.82323118,3.087235398
25.31798167,31.40508631,10.94908441,18.55343423,47.46313997,1.769737914,5.01972971
24.76126713,41.31931832,15.94082781,17.36844547,50.77438803,0.52767236,14.76967944
22.56503645,37.3789665,17.02640206,28.91532828,72.02655766,15.82394324,16.12164331
24.58199666,34.53671217,10.66527608,30.06873182,58.1547448,5.172997243,5.585305561
25.1578257,37.37127266,12.30794654,23.76547023,66.82162026,6.813101546,7.359701544
24.54824266,37.83666218,19.15672232,27.84992005,52.73408089,1.281691752,1.552637705
23.33303343,38.44067549,16.16314492,33.92158874,55.24919811,3.59000521,14.26923897
18.17600468,36.6183557,12.46286019,34.63450004,79.62850234,15.31209637,0.071550892
25.04474049,39.08632955,16.90679771,37.98988982,49.90468349,9.870616605,0.930830424
20.02133262,43.78102066,15.9677642,34.78243166,60.25825508,17.61336925,0.086881356
25.71091163,35.43402131,15.015757,28.55619448,73.77609373,7.944842629,12.90639167
27.11213194,40.88574695,19.76186975,19.31176718,49.56892855,5.374014715,8.347742554
24.00534371,43.41678835,16.83453777,17.39432538,56.60855027,6.951996289,5.950935227
24.50836398,36.83968914,13.7544111,16.30828536,64.60365149,14.25543587,18.25402021
29.41774272,36.65183755,18.00073432,30.99661996,59.24752606,11.10011345,3.856055894
28.16600834,39.03175478,18.84583293,34.38087013,58.38009066,18.08382415,7.787360208
28.97083819,38.87110139,11.2522056,27.20841482,54.50038925,12.04337539,18.80623602
27.76519546,42.09884013,12.00552978,16.3131402,63.46585311,9.86036417,8.542131257
19.3070201,37.14725076,12.16227009,27.85129379,64.97490792,15.71505448,11.09387371
19.78790227,44.94184424,16.91211809,37.45798228,66.13158164,18.95067701,1.606737331
24.31948557,30.89207353,16.03039555,29.34271658,42.81472432,7.116918225,15.80332774
20.95283591,30.04751773,16.18991565,34.42625972,65.24136703,4.997524203,8.455175542
23.7203457,39.60297467,19.407733,34.20366356,78.12948715,12.32434793,16.01030249
22.73238389,34.47652369,17.75911533,37.37109839,61.63944942,9.977456423,5.075952851
24.59297086,33.60573583,11.27936925,33.48549038,68.6106833,19.7837115,8.449575011
26.96250859,34.6784862,13.47507082,32.94481234,62.26929231,9.247235683,15.73097873
26.58589089,33.84071348,14.35393646,20.61846396,74.18962474,1.486631027,19.47755534
24.25480959,30.46185074,13.95961589,16.43820373,77.18332378,19.54738122,1.192510488
27.86872103,44.57299564,16.69308609,27.42238716,47.36879597,16.87173891,16.24912355
23.1703451,33.31118233,18.91893103,17.98642099,57.47440146,3.565002879,6.013781353
28.76057148,41.01044644,13.06051464,38.09270103,55.69528404,18.09210506,11.01486562
18.85536324,41.43894592,15.51877136,21.9581943,56.20860493,6.813336416,5.801845299
29.45592036,43.93886097,17.89409422,35.47066088,45.02096725,7.542239691,12.26890945
25.85631698,30.45824186,14.16218059,24.302991,72.54462904,18.12782965,7.076056613
22.56089411,43.08072508,11.68118128,22.756662,41.43064972,10.6023113,6.67229782
20.36584952,37.90839271,14.74950965,37.44380574,61.12906431,2.755258588,0.758766259
23.75019875,39.48816165,10.55222521,23.71974173,66.47513552,7.381123187,2.939208118
20.33469988,39.66705416,19.42383454,24.36690981,48.29877752,14.44194893,18.34156398
19.99597929,42.29696707,10.74821205,17.54620271,76.23400768,3.483683761,19.96554858
25.40822109,35.00110983,14.38456715,31.09071997,73.54196828,11.80462395,15.61041152
24.27701669,40.99576785,15.29881261,21.93214595,58.84334918,13.90548266,5.736252495
26.04115242,37.92867165,19.85303832,29.05450003,56.44595729,6.877071511,8.048902769
29.15527053,41.90091021,11.66021824,29.1924409,49.46271701,13.87761377,14.7900691
24.38712256,44.85819049,11.14431519,32.26079269,69.19972899,17.68414704,19.37027114
24.97118464,33.00976526,10.08706147,32.88579567,45.26975199,9.442334885,9.109423415
19.07551607,44.91972962,11.55571437,27.34685843,67.20951015,7.658186564,16.59044831
26.61162943,31.34718231,12.07272979,22.94380674,73.69827944,5.023168027,19.50137845
22.79886248,30.03476322,16.30580942,35.09882148,49.13886304,12.0841096,17.46946342
29.72070286,30.66242904,12.1970679,22.43677559,74.65709612,17.59704096,4.542994935
27.87808819,35.12673607,10.20520815,27.18021827,41.33292798,6.493225344,0.160637278
24.26977249,39.49359496,18.26618346,24.630062,76.51149542,7.924710491,9.841634108
19.47867185,31.03544311,13.65595701,35.52188126,44.73448911,8.132510351,10.62721663
28.31298952,30.08498722,13.53696687,25.36604475,65.83036712,11.21624684,4.025007291
27.59737315,44.05636543,13.02479029,24.26638053,50.00329876,4.568179231,5.693487839
20.21502155,42.32889954,19.75373277,31.55576863,73.46209565,16.44422311,15.30306322
21.54333947,42.13774757,11.70115417,29.45858664,60.49201444,5.91204555,9.406945174
27.5208871,43.26636413,18.98238064,17.573924,45.40964765,14.10725382,6.347081672
20.22274136,40.50051409,17.76803332,27.19605135,62.83966285,10.26431484,12.45252055
29.01302987,31.56606195,10.76479955,32.65148132,56.31530441,11.71795207,13.05519512
23.0943291,35.98650282,19.86729102,38.80979435,66.45791266,3.592174777,15.38791554
19.04446755,40.8472423,12.71365964,30.09952402,75.27613139,14.70046396,3.134185915
27.78898372,34.20501691,10.98582927,23.88703359,56.37556525,3.772410381,14.83034505
22.4821162,40.31109546,18.29314234,20.4276384,51.59522718,2.269472753,11.98856784
24.31799033,30.36747672,17.06675534,35.94792562,40.58060378,10.93359,1.151437306
19.34765213,34.59206011,16.17218806,34.54956509,62.99356151,14.18594274,15.54891257
18.03100818,38.23695504,11.55980864,20.6141477,56.0909907,1.000716729,7.661605627
25.65582247,39.48134744,14.78496116,19.81517016,54.98596876,1.387906299,6.607618687
24.18210204,38.65560997,17.80556027,32.16328264,47.31741285,16.05358325,8.961503032
25.12246283,40.46634414,13.03623938,22.55884949,57.20221381,16.18065399,6.923501546
27.5249262,30.09133122,13.11689829,22.35357116,79.37767814,4.906094341,6.765711844
25.75927096,31.514118,10.03140906,18.65496593,51.91016615,12.30456406,16.16155335
20.09728131,43.03416378,11.74243402,21.33541247,63.98817654,8.863601503,2.490105087
22.32927023,40.22622966,18.75405625,25.26018138,71.05947525,12.65392083,19.41200136
28.87069326,31.69397464,14.41746492,32.58812009,69.96631293,17.25758568,11.09863289
27.2393364,42.63111656,19.84234499,23.07139427,53.1509715,1.597128492,3.658479968
24.6796447,33.63346827,13.95707964,22.88650415,64.43440334,15.55968852,2.624309659
21.06773997,37.17389826,17.15186455,21.83791806,74.85058741,9.86058209,11.83019064
21.62472602,32.17794769,12.81919043,26.47880802,40.61789711,11.28253888,12.65998888
26.78349681,40.65165085,13.63809641,19.33528075,57.42937427,13.0786272,1.060515421
28.21409113,40.00281632,11.90725988,26.65513762,48.97093673,18.45246298,4.860038283
26.05709603,33.16668707,13.47062368,31.90021335,55.54529162,1.134399071,15.90923842
27.71435971,42.9510115,15.4723752,15.7149721,56.63958432,0.589527042,0.992492555
27.19987362,36.01959036,19.91772881,15.23470513,69.86683859,3.56523563,17.10177328
19.79644762,34.38772637,16.64201713,16.80294984,43.7528749,19.72895452,13.16324953
23.08733775,32.28494384,11.99245954,27.85584148,60.50335613,14.30152735,8.688465187
19.83580561,33.99252019,10.44961442,35.506922,62.56779167,12.29282238,6.928656979
20.82282702,30.33040382,11.26356481,15.11722718,59.76630414,0.940781068,0.384979277
28.4311155,38.74886239,15.62555201,37.47987131,69.27493012,17.58220448,16.50429892
23.67470359,42.6334612,17.65160329,17.55068428,55.35165024,16.25513707,2.854437079
24.42429722,38.23470674,19.40419207,35.20760467,77.79868255,13.29600088,6.190839837
20.14135158,33.28910943,10.15823172,26.58851436,59.2721377,6.78261631,11.38213961
21.74726143,30.50503767,15.22760142,30.82457729,62.84855638,1.410099111,4.919852001
20.76295402,33.2194211,14.70867356,27.25639163,73.02123293,11.60076976,9.942809275
20.47423397,36.24182142,16.56055022,26.4491574,51.00944424,14.39389143,16.18685657
25.65552952,41.39417143,15.59578854,35.03758628,43.00808115,1.88480701,9.410758696
21.08260617,32.81764279,16.87039151,33.14127311,68.31135913,12.6753532,18.97954688
25.58418583,40.7968718,16.58082585,26.60165368,59.32047422,5.727321358,16.95001241
18.70145537,43.00400203,11.17011725,17.67926231,75.86017004,15.28488442,6.660784707
19.70129272,36.80920272,17.99717914,17.76967102,79.30720195,10.79231701,7.999242492
21.29448305,42.32147987,11.23232576,34.23694706,55.96437402,2.580735756,8.46653454
25.164563,38.31986022,16.98530625,27.70537491,56.61756065,10.53038895,12.52358906
26.11009494,39.55636256,14.16145368,26.55813937,56.31850409,7.914737267,5.735914584
23.3126036,37.89417691,15.13850735,31.33360419,52.98216439,3.607119366,19.38498278
23.34949097,36.94759075,19.03298014,35.612198,71.26748391,16.83031448,12.17368441
26.69420222,33.51980163,18.89883726,30.09295547,70.3598305,0.22056897,7.988033175
18.1898531,34.54791089,18.17856306,33.30834966,59.14579482,6.242565538,12.90019631
22.09308029,34.34955178,15.1014838,33.36649258,41.78644866,0.251900763,7.908100211
27.82448469,38.44933396,17.3623981,23.55027477,52.38237206,1.92013893,16.35591362
25.23863292,31.7993054,15.12897056,21.5779967,51.69212186,5.941924383,11.35681921
22.04672559,43.75187536,18.69606082,34.22793761,72.44348985,1.085423708,0.839410068
28.86629751,40.80982718,14.02775833,24.052291,43.50302294,11.93261065,3.535137348
27.27147273,36.02168446,19.70235344,36.68006416,72.22701516,1.73725816,17.29987946
21.17874537,32.37936217,19.32322758,16.67257672,66.76734609,14.03427268,11.25799653
25.74347805,43.22988255,17.41602619,16.39722029,69.29765837,1.052842253,19.00686953
25.14900874,42.35667135,12.79415884,37.24809984,57.2885275,1.186177896,1.448446257
22.81425497,40.82582329,11.31653589,30.56291794,67.18903184,6.106517981,5.905212602
22.40347295,34.07320571,18.5470345,24.11038455,64.36115779,17.9314305,3.870867465
22.1227257,36.03669956,11.65302286,33.12144996,70.75920781,12.82786497,11.07680584
25.4058694,31.54122379,18.54260789,31.13584344,57.87079338,15.40262584,7.655856622
23.30891924,32.83559287,14.90765007,27.74882512,58.913025,2.83104219,3.145470682
27.98235736,41.74524956,14.06556784,17.37296022,65.74304891,16.68250866,12.85503828
26.03523139,40.72558078,19.03190779,34.4923101,44.32309975,0.162924964,10.72596732
18.83917927,38.90228644,16.03850983,35.78455658,57.44977793,4.261147015,5.494725026
25.68201869,43.43590089,15.76614007,19.13204853,78.87803381,12.32184642,9.595427156
21.25376924,38.74899777,15.58765945,35.41227965,41.5020928,7.504928172,14.9147663
25.1137439,37.00452,13.71169516,36.06833546,52.64018891,19.68386783,4.105433491
26.16158317,35.10556119,17.85643104,28.18628669,52.56439276,0.606784936,5.858114934
20.76995027,44.10672759,12.52798444,30.74829687,65.33856477,19.97196336,6.922219742
23.48230374,31.24073192,19.3889496,24.17369568,44.23201438,12.47255666,14.93452874
20.28389835,43.96331058,18.93985205,21.76299954,65.14176124,11.17413989,16.93845199
18.62806651,42.4007199,13.37480326,32.32759553,43.80160963,1.190248851,7.527769929
22.54171708,31.94894887,17.2946377,35.68500358,43.7981459,5.466577533,5.932417237
22.35533126,38.47476537,15.73223194,30.69786127,69.12733429,18.49325377,17.78893517
29.94576589,42.99821973,13.37649302,27.27817466,52.96540695,7.084920064,19.98729864
23.35622821,38.57713745,19.88521648,18.8141944,79.09691791,13.23306401,13.40707279
22.00283459,43.60799732,10.25237346,16.2830091,41.49411746,19.98992701,19.7996123
24.96570008,44.14475725,12.52646031,25.69660297,57.80426655,5.261394277,13.19932556
19.06520873,36.33576783,15.20074061,16.18438953,44.52543751,11.52161758,14.66920544
29.53998883,35.65970492,15.21953003,28.66403117,54.05515867,13.92875585,7.773120031
25.61952055,44.04481731,15.88933075,24.18550059,79.92889802,3.292544931,8.65935094
27.05805384,40.12710092,17.51676172,33.17253887,75.55370047,2.973451274,2.88271328
20.04573526,31.74034022,16.23477831,22.33556392,41.93297635,9.126158233,16.4550003
22.91373424,30.63437624,16.00281461,29.23158482,62.53023375,7.716250435,18.62118062
23.07226936,38.46943576,10.53514463,27.90440452,65.91289219,14.28430874,12.46876267
27.86167733,43.95256448,13.76530288,15.11309821,48.38138496,1.390175429,6.872946169
18.01484016,42.66373054,12.3205574,16.73734556,45.80422294,19.44333247,3.080326507
21.6102373,40.1377162,12.65370112,21.9688371,76.17524539,0.285539634,5.303124594
29.77483649,32.08673773,15.54337474,36.17364194,78.75265766,12.02633649,5.108208417
23.69863852,33.81347076,11.99505315,18.52835892,79.67571429,11.25265192,12.27055768
22.59031536,43.1326684,12.93949101,32.06146393,71.59047095,2.694314617,18.90074931
19.43794802,32.74210855,12.37084709,38.36079759,66.54008278,3.018319654,0.965437739
29.68997554,34.17659112,19.48502943,33.97362126,53.82921009,15.85354976,0.020445992
18.24031627,31.94400977,19.44665732,20.83068868,46.85593249,17.75124917,12.00363889
26.8461627,40.14162347,16.09941559,36.80076625,43.15922397,5.660339318,5.681209242
27.22319766,44.15973458,19.24522469,17.23457176,67.73189874,8.759279279,17.61096685
20.92388059,34.03452047,17.85812645,26.2354066,71.38893661,7.099900821,6.545006158
26.05870132,37.13109912,15.89947883,36.30100579,73.0581461,1.45094026,5.794752011
19.11514973,39.5150961,10.06435211,30.39037702,76.55060013,13.46408492,5.390212424
21.0845672,44.99199372,17.72516286,24.92746955,75.19718255,16.5038587,2.897056545
27.45482386,31.57212097,17.02488342,22.0275088,79.98965089,6.097587148,11.63060949
28.3762343,37.47856199,16.15253653,24.00238573,49.76256044,19.80351587,3.364272047
25.30183695,35.7768018,17.60424312,27.21460274,70.53230461,1.517031146,8.492623196
24.08206118,42.98730248,15.12922165,22.65705432,63.45838049,13.23581428,9.219441045
19.91164825,37.13951597,17.04083271,38.25522869,50.4498053,8.964560291,0.409840938
18.7573084,31.66466287,19.35172087,37.39386367,79.27621289,8.932038022,0.336145596
19.41178834,39.51636218,13.75805016,35.89611524,75.91592419,9.152912321,10.40425378
20.7282876,41.56170927,17.08121835,25.12391605,45.14062674,5.173635476,13.92069464
22.10009402,30.04321877,14.75687818,31.59124246,41.04633369,14.31125655,18.84284965
22.57091431,42.88435028,16.74399652,36.66790337,67.53323049,14.43153052,3.582385683
22.15586122,32.790345,17.62893336,35.4103077,64.16522515,5.647942202,2.065176189
20.86866399,38.28104047,10.454525,24.94384834,77.43262496,16.70612922,1.041758139
24.11669096,36.23696251,16.46600444,17.69726518,49.36021149,6.336898873,8.720831658
27.9034333,40.79480725,12.26741184,16.81512873,43.37551792,14.50186248,12.46294735
21.35644246,35.56742422,16.70032538,28.84953709,50.36861335,2.41999535,16.81106714
29.30864423,43.04644765,14.68330186,30.42307045,40.75710562,3.374032856,13.65289765
28.48003994,40.95744541,17.73552742,35.39622251,41.43571005,6.31591289,4.167215781
19.94117054,39.71569757,11.23400815,22.02036049,76.59431224,11.87747535,9.235407328
27.43531148,41.94360893,16.26322352,19.01929177,54.0806633,12.91022971,18.20692693
24.89504859,41.31034552,12.78470729,24.09614,56.43236004,7.927123439,6.53482125
24.79890435,30.53908012,18.52981995,23.48580297,40.73486618,1.556783062,9.974607302
22.69251316,35.92101531,19.28383506,18.1792549,50.82087121,7.472693042,19.17130669
24.01383599,43.96210946,19.96398294,31.13478366,72.18903935,13.77535032,14.69416011
22.76614533,31.88586403,17.96007402,27.20860658,64.61963839,13.41990922,14.95480771
24.47679143,41.05644826,17.5373407,32.30694615,70.15122404,3.203928264,5.046680088
25.53540063,44.61887717,12.15500759,23.46458688,57.88854963,0.155679405,8.293962366
26.09164568,30.78297944,13.36007059,22.81685308,52.38916887,15.05963235,1.646843262
24.38977431,40.23290821,14.65682542,26.34182047,59.31240373,2.127363328,12.13051734
26.65706481,37.02231212,17.73381048,36.05777629,52.92284274,1.646982879,2.074603291
19.69533659,38.68762883,19.14965865,15.96675136,73.55884387,0.054024337,16.71819164
20.54378989,31.28012005,11.891391,34.31598762,51.90694862,8.652026519,16.29107574
27.82482005,30.64510428,19.22367485,23.8557027,66.39054562,10.06527802,10.67210202
21.87033573,40.00299991,16.95624652,35.51085662,45.47928889,12.75328092,2.823320664
18.2747259,42.34964145,16.10770731,34.25287221,67.47465975,5.921276814,0.511579664
19.8454938,41.73023002,11.99841271,23.37026994,76.53198846,14.20849433,15.93417335
20.68337321,38.15708592,10.55525033,31.65303685,64.34332619,3.386637148,12.00280966
29.48787465,31.49800232,15.68464899,18.83118616,62.3942152,16.63980106,14.21859273
24.87649715,40.32066666,16.51515683,36.51075725,78.44473072,11.43696658,6.076142515
29.19276889,33.62833325,12.10781449,24.70778555,65.09586221,11.67779647,10.18965476
24.90196021,43.66603054,15.56456206,25.93501477,50.38201733,4.195508276,14.94348341
23.75225328,42.57398039,18.56493403,31.93821722,51.69564095,1.482174986,9.251266166
21.76473229,40.64074451,18.35065945,34.70016568,68.2122657,9.294496062,12.02768446
25.27645133,44.23268934,19.27355181,20.67222584,69.41746376,12.31223904,15.79456524
19.6703763,30.47132732,13.6588581,30.87240336,52.13984927,1.900929173,4.304412905
28.77913953,41.04300638,13.18049573,24.40795305,53.81375912,19.01068949,1.318577787
27.95198886,34.95364169,17.49426006,23.84887018,79.64226035,19.6082872,10.63647022
21.81037737,43.59098829,14.31112405,31.56061977,44.07810198,10.90913391,1.242515414
29.43357033,34.00012795,10.87548664,24.29239858,56.18580114,19.00138311,15.33114589
27.90240921,40.87284749,12.82801131,23.306604,42.49790125,3.588904752,14.38422895
25.99568263,43.16470529,14.18582286,35.0613218,72.84313448,0.508413704,17.63425343
19.46114293,30.62485228,12.92516425,17.43062697,43.69383356,0.788190706,12.79124196
23.73880828,35.96471369,13.32205571,31.22142295,66.96029426,11.75024959,1.343951415
24.07329066,41.43463548,12.93775906,20.96940945,42.25933696,1.232837669,5.06304251
20.7906163,36.82378334,10.41499167,15.3719578,66.91420151,19.17091214,16.15863689
18.95958473,34.00878945,16.37094701,19.00234245,73.72147788,2.838664215,3.342648346
27.32068357,33.29708023,15.9729242,29.55987671,55.95286108,6.094456121,13.96960936
19.46442063,31.972774,16.53383498,32.0190526,60.88505974,16.45035604,15.60518662
25.13148901,42.8569434,11.92309896,15.50538681,56.06166952,4.374806462,6.602235957
29.23739009,38.63033105,12.95654542,15.87421064,52.01955035,4.859369169,6.445949468
28.51326231,31.14577417,16.19615927,36.66101076,72.13053603,12.84617912,11.15605362
21.33303148,35.73870485,15.99627568,16.75933963,50.88010295,5.52172177,17.22572666
28.21738365,35.51600476,15.06330309,36.46037181,68.91773698,4.34895268,4.478124038
18.00399007,32.72608786,13.5041325,20.47598193,48.24788317,5.083554286,18.82516392
18.21225372,36.53261438,19.12931005,32.7604272,49.99415184,9.812949987,11.9823737
25.23063797,34.98149048,13.39770242,22.43359797,53.4584465,19.32199745,19.84252943
22.37757863,35.12705558,14.55619156,35.61004861,63.5662551,16.64475883,1.79227448
22.63753009,41.08539837,16.78113831,31.81091677,58.17689277,5.692205291,2.53124273
24.77329309,33.34895078,15.43021431,24.64352301,69.80579239,7.26746417,16.53283607
20.30138947,39.62789938,13.46885976,16.8312589,48.54269201,9.29024501,17.29511791
20.54106421,38.55974436,14.3564479,32.58480441,40.42689151,19.57859294,8.909173767
23.81521904,38.52138769,17.94480818,29.80523414,71.06229887,3.447809367,14.28142352
27.05104253,39.94511019,12.78129155,15.06988123,72.86597336,7.14966207,17.35114575
25.43397302,38.22573054,11.4225524,15.22607654,42.37920652,14.58852188,0.862555764
21.56826058,43.18882672,13.13163202,34.41103136,64.43630089,19.27887469,11.47900846
23.16404613,40.13370138,18.49534215,21.22559373,55.12827135,3.113504255,17.06961333
20.0479771,38.20444877,10.88989715,30.26720803,71.75582621,4.547599084,7.963098892
18.89555777,42.4464468,19.91696073,25.90114607,74.97658217,4.513893488,6.047672122
27.39235249,39.09219847,15.41002899,35.72232035,74.04015067,0.41864059,15.9141337
21.18464891,34.36716372,19.84845744,37.00706671,71.08816989,12.0823125,6.71573167
20.13319665,33.10642377,19.38996422,38.9233851,50.76208915,13.41406148,0.063485964
26.29941667,32.28491678,14.52813714,18.68841926,72.47558574,12.0505178,19.19145175
25.41662009,43.49182819,11.98491075,35.71113712,61.33913904,1.426459788,11.84246473
25.59827551,40.65203148,11.64884777,21.38451304,42.11026459,1.384602515,16.39035837
20.74673526,44.06067657,12.39989364,29.179581,58.277554,4.20773109,16.50603125
20.79174646,39.04937709,17.10132641,27.13854801,77.68631668,5.805890314,1.328208407
20.64963156,37.10101322,12.72949995,15.43171516,75.51437399,15.73087312,3.417203988
20.08503115,30.89574733,13.4142527,37.38651072,44.09057124,3.187805315,6.222413615
25.86868407,40.07463422,14.48778804,16.87984932,69.76506743,0.881844328,6.413985701
28.17619062,38.7331314,19.1323268,31.51725407,72.23171464,7.879750154,13.17572235
26.69180964,44.8531334,11.89393418,33.84016407,50.85552753,8.327843403,12.46265842
27.50512361,33.58738167,10.05026553,34.08690838,58.86434283,9.018146764,9.89179556
22.85758115,37.96106033,10.6009641,18.25186845,68.43951766,16.53807088,4.225274646
25.84890954,39.76436003,19.04766342,25.74167881,57.56165955,1.960108297,7.639669394
22.25083489,39.66886762,16.47516465,34.90629289,44.51187675,14.07884165,10.87187937
24.30605546,38.41940314,12.73040619,22.26430105,68.23529779,6.758911421,9.359707322
23.77961816,41.65392015,11.77192501,26.22596821,76.46554759,6.199602729,2.545850662
20.12264574,33.07471814,12.94266737,21.54705342,66.09938914,18.65086252,12.99020987
22.64494512,40.884408,11.14796927,26.12523403,70.95202994,4.969370488,1.461035536
29.56586731,39.29601857,19.4153291,36.30811014,54.33450143,12.85063671,7.563893662
20.98296309,43.44112668,17.84206174,25.92298154,47.32792981,5.502555148,14.20058695
19.60564484,42.70791659,14.62391177,28.34188841,65.71094646,10.14287765,0.40047069
23.02296746,34.72720559,18.64962605,24.6954308,53.11084823,15.72585785,11.39965638
27.48405283,34.14355987,12.49458204,26.0428124,74.40294076,17.63445047,6.690419483
24.98577876,44.72479986,17.17120568,15.36418078,44.905122,16.77394481,0.176636868
26.17169793,37.90897771,18.56132499,21.80989224,57.33854799,11.64361472,3.807665421
20.27633818,43.59631446,13.56768712,25.47796132,55.86910402,4.976326307,18.81892387
25.42737832,32.45821536,17.57464445,30.21112742,77.52215414,13.22466767,10.42297811
21.88200474,39.64228372,12.95072349,25.80124633,46.12539202,14.19810092,19.94454409
28.01164039,42.14790281,12.98857135,23.10760904,40.393873,0.213839802,10.49633501
25.55158567,44.21092874,11.07057179,24.31436965,49.52340851,8.784210219,10.87872825
20.38627533,35.06010212,14.40058047,20.8150399,72.81107439,16.86524086,7.836860259
18.77540016,40.87471755,17.29711906,37.18786279,48.37287264,9.791751925,6.200808375
18.51159851,38.08219514,19.40220806,27.52183742,49.63512255,6.227508843,5.030911063
22.45690281,30.90943389,16.03796992,15.32182689,45.19595218,17.43595542,6.868412323
21.19021364,40.34999606,18.63135538,15.4667102,68.61744813,3.117613951,9.197021618
25.75308148,40.35144837,18.22494649,38.35107924,42.76696762,4.128904648,3.839839005
23.99200602,43.95910207,11.73343053,20.31482139,53.24833209,13.74744734,4.497501836
21.19223134,37.45968669,14.85817429,34.33459893,51.29994906,7.048718831,5.430895373
19.79085334,33.45376381,11.16923536,16.39860724,62.20638919,14.26033671,8.985197839
19.52639715,30.66845735,16.82153162,37.10790568,69.2166506,3.154072425,13.05626734
28.37592471,36.2346328,19.49899668,35.98600809,61.31505739,5.045381792,17.12292301
20.92173562,34.5287505,11.37089458,28.7062359,77.24103972,3.132947567,5.742636744
25.82052777,41.41632459,17.33883131,15.21596777,78.05770556,19.05820627,3.674566807
27.72823114,35.31401647,16.32238151,21.18746098,54.45861314,8.108079217,7.576949297
25.36897573,44.23606794,15.83605037,24.76374354,71.10721505,6.744398198,17.88766153
28.31478278,44.43465304,13.90120235,26.0415388,69.55205533,0.284043123,0.197214567
22.70872466,39.31362885,13.55131648,22.14429021,75.71858367,3.068351588,13.55737232
29.47466629,43.92990431,10.45249189,15.79074884,57.91774561,8.422717125,9.543200928
19.59774005,41.41281517,12.17908708,29.16305774,61.21892749,1.370055851,3.220924299
19.22579436,38.20289461,10.15176882,27.57971202,56.63097254,10.21478659,6.420430525
25.90430575,32.70461903,15.81417106,21.79201525,74.01507677,9.100308769,4.499000878
29.3139737,36.87896915,11.05853236,15.91142322,49.18809261,15.34336281,17.55664336
27.70660154,38.41311695,18.73019394,38.87026049,49.58836313,13.19605403,9.637467679
18.91700231,42.95942371,15.23143021,26.56766848,54.90420414,8.918946106,11.26188556
21.35241257,37.22000065,16.99689909,33.1441018,49.21371328,4.493214002,11.87375239
29.16382662,43.46512009,14.10857092,25.85553684,62.44027346,14.53727132,12.79234249
21.03670119,40.11523469,15.60579809,16.03608698,45.37960426,14.15724207,9.911113808
27.37404509,32.05498595,19.42659177,22.43041788,52.80744878,3.06592321,0.357470617
27.90158635,44.92472054,10.8273404,22.68264338,76.53778794,18.29503663,6.694453738
23.94542524,37.90848991,12.53937772,35.1204697,56.36901921,1.28810232,3.677464814
22.63618692,35.87787445,17.79988327,30.70151947,69.92934866,1.100754178,13.60285686
23.40149319,39.88670647,10.98737207,21.61031769,44.53848767,3.747008353,1.134093027
20.72357633,31.63339971,10.75661104,38.22575891,49.90258033,18.18921596,11.27606782
28.67269099,39.5480797,13.61541399,22.71700398,72.29382485,10.39996248,4.212634445
23.40743588,37.47354001,10.92167958,38.95761662,70.51971745,15.75881841,18.97691677
28.58951329,36.10011105,15.85078442,38.90792864,55.44623674,4.556863762,6.710818844
19.26832176,44.29530032,12.26275251,19.58905243,78.17587608,9.804439493,6.504423827
29.85930325,37.83809575,18.95697963,22.50578679,76.42572063,7.165789272,18.46769336
23.31927705,33.28676219,17.83500081,26.66506076,78.49202996,16.55657214,8.346958406
18.57396984,36.88445219,16.99705206,30.93841611,57.11658761,0.452088787,19.25724668
18.45626218,43.79081107,16.16944027,27.67313878,47.89894335,4.876854599,0.483407043
26.95448709,32.64143207,18.6346573,38.26659526,65.06634556,3.051484486,6.126891504
25.90842641,33.20935558,12.23062062,32.37573994,67.39092633,17.18378077,13.32385921
27.6255667,30.19544352,18.73108843,20.08907639,45.01767138,9.350876994,17.81713929
19.26441041,30.21285074,17.89492298,17.52234121,71.45932137,8.084400878,5.12811186
18.4268504,42.4408744,17.48160826,31.52163098,40.72240879,8.989655242,18.60955184
24.10295147,40.9818391,15.61255678,18.80285856,59.3091355,19.43849101,11.88242933
22.65114278,35.32561585,12.46244161,33.90424417,53.24065038,17.00534789,16.02016486
23.54336324,40.47466736,14.23547916,22.46488001,69.6121224,14.12737544,7.944146086
29.89906091,35.92808889,17.93570655,22.84543831,52.5104291,5.809579184,4.243607651
29.64899949,44.29345194,10.31778484,15.25916142,73.07228451,3.30345999,18.22470831
29.30778468,44.50579022,17.82050769,31.82427041,63.79813955,18.42867258,18.66271737
27.40611212,35.89190664,12.4007074,17.71847407,71.75573447,8.461510456,9.951502883
22.25809632,42.8133286,11.44309201,33.54913386,79.57362551,5.575115989,0.12990032
22.94557116,41.59633563,11.15701318,26.80482773,67.16633383,9.418416528,2.195659073
24.59539252,34.64999906,10.27250012,33.82271556,79.39801265,18.35694846,11.4605592
27.96641348,33.48059743,15.23586485,29.01423694,41.15345308,7.741346268,0.475534046
18.82455399,36.87351976,12.18259873,16.97839853,53.52559954,11.25281994,7.93823848
23.09156263,41.72023261,19.89431766,33.37565608,44.31413058,16.05932602,6.067398911
18.99141196,44.40251677,15.74436756,16.67518764,50.49219726,8.542650621,14.28696551
24.17589104,41.45368603,11.37885269,26.48884129,73.55551597,4.670836039,1.111573459
28.78680989,42.82810478,16.88762541,19.13638114,41.29293061,19.89051497,9.77462538
27.38981909,39.04596459,18.97743567,33.05604427,60.80731743,19.13141715,11.5822854
20.73410901,42.53111746,17.45179495,36.87818947,62.6851483,16.86958338,12.34582152
29.7118902,41.76631287,10.76439861,28.29902792,62.44604587,13.76747759,8.10315344
26.00820478,35.65478313,18.95884181,27.65153506,59.01188295,5.897312561,6.087355669
18.12513239,38.27985453,17.93929386,33.33511671,71.62411859,18.26825876,13.64986067
21.06496182,42.07129683,11.583039,15.12189151,45.34172358,5.511133402,16.95138096
21.1285596,30.69085101,10.51785889,37.02620742,52.42308062,16.01618989,13.87235276
18.83105168,42.12118924,15.57310575,19.73877161,64.62904214,18.36516336,18.64204731
29.51791822,32.66832186,11.56035811,38.61885321,67.63805465,12.06007681,14.34527051
23.73906353,37.72025426,18.34590953,32.67009475,56.16593727,16.06112436,15.29237468
28.74977517,42.12413159,13.58334657,33.58202754,75.01485053,15.83390198,3.358063932
21.86658604,33.80731617,19.12892445,30.74887153,56.61973587,3.863155022,8.390792891
19.50280285,33.68711159,15.65688172,26.31991639,56.11104537,13.35848947,9.701106619
23.69203332,36.04146598,11.82672384,28.71906464,41.44829046,1.869358738,5.125863246
19.36747962,43.41964196,11.39598867,16.11366926,62.04565345,10.15700286,10.57079721
23.83218604,30.00664172,15.76472438,29.97502823,68.34723354,3.244710963,5.815838884
29.04356617,43.52074645,17.61883612,30.02635445,44.57752654,8.326989976,13.75004186
24.2492177,32.30710537,17.81505648,36.38881914,52.21731064,16.65964149,9.405769534
25.39799672,44.85129564,12.75757404,27.13575258,71.25027815,19.74335679,9.176139085
19.87966124,44.3227049,12.04246759,16.85146498,54.63677742,6.359196633,19.67285062
18.52482751,37.42012784,10.16756304,22.34870209,49.66409848,10.63911398,7.848896971
19.32969555,37.69080372,16.79199151,30.73510589,66.88802654,10.22596049,7.245908652
25.18237891,37.2232401,10.76568258,20.74221271,47.87035111,19.0880302,6.372087426
19.14014039,39.53165468,14.20761202,21.73266772,75.82611678,9.571674649,17.89498442
22.51191468,31.36082553,16.01682164,34.69125639,44.22393584,13.98212411,9.934476522
24.60110329,30.48926923,19.37108945,29.02367356,68.26199209,18.43578466,12.00028955
22.66383358,30.86554393,13.11802137,27.20465836,59.98194805,7.467571191,3.61636958
19.96420562,36.66548024,12.49772162,22.6428472,74.7971825,18.04244476,10.8188472
21.28549569,34.13321909,16.54160154,32.54227286,45.04780364,18.34912444,5.492963857
29.13981039,39.33059344,16.19239032,21.90524243,67.11579674,18.61325008,14.61273843
26.11178731,44.88663434,13.32109783,32.68952442,62.88218557,5.408923709,16.65056698
23.95257406,35.7948476,19.28101836,16.68243553,59.20360569,8.007111885,14.29621384
18.15257868,38.60761881,18.44862327,35.7489922,59.65629054,17.40791816,14.60488333
29.90898481,36.23405844,12.23982546,26.98959512,68.87907847,7.183236486,10.24949408
26.05745922,42.70907502,12.39142545,25.5241924,77.5096662,12.00506066,14.24236113
21.80306973,43.53354605,15.12300347,29.66456188,43.65006636,2.361090145,8.45373871
28.55122392,43.16033418,17.73572102,29.98060975,40.7801059,1.125499762,13.02978307
21.10117944,44.61558358,10.44040379,18.16884425,72.2281917,8.23987979,5.180784202
24.52819895,30.41278778,16.93335154,33.14960616,44.3267755,11.57833065,1.395140246
25.63284916,42.59724243,16.48235897,21.62227915,79.46787184,7.853982267,8.269465282
20.65276046,41.2765826,12.31480096,36.71908512,64.77392996,11.5547154,9.235563116
29.74076735,33.43041614,16.81353013,34.62841592,66.03465581,10.30168752,5.128143164
26.97830287,44.3448014,19.40183191,23.310385,47.95566812,13.71414459,14.55419037
24.69375871,32.22266892,10.46785845,34.38574304,49.61249241,12.99064862,1.47100958
20.16713518,40.19324891,13.19652055,23.55337198,66.37401212,8.484914064,4.454966488
18.64629848,33.37335325,14.38176717,17.42274436,76.38907352,8.499904808,14.97129437
21.84071799,36.47070973,18.99260359,38.08531773,79.29562218,2.8155668,8.742485475
27.03824803,40.78739845,19.62261447,30.66244837,47.92123787,10.26477144,14.10567248
21.23197558,38.44986963,14.44115246,25.94638864,45.36478491,11.74358256,11.34971756
24.47467465,36.41252747,17.50028412,24.54656044,42.25605431,9.529787947,19.014255
26.73536612,34.89507646,15.31661024,22.79292802,74.73188073,6.514146702,11.95591665
19.29532458,42.59489484,15.37782935,38.55474229,51.78859387,14.43297089,0.297379487
26.22357619,32.15721525,12.78099515,18.23393436,40.07248135,1.493232893,7.05754701
19.10245065,36.45154315,12.16956246,22.55532141,48.95272344,18.2888074,2.861213644
29.58155691,43.55636358,12.88005346,26.65194337,53.6176432,0.412868791,18.49267355
23.86072956,42.68774326,15.56328007,26.47198908,79.63944678,19.24700267,2.080249086
19.80811329,36.01412644,10.29155186,26.31279563,60.94166375,9.247112019,7.754133263
22.10860363,41.44662545,19.07248944,19.21881158,48.1885579,8.25339888,4.521983873
22.96099739,42.34741246,11.5628371,18.47838065,53.39273379,5.128880349,16.93443981
27.09822013,43.33331136,12.20088677,21.11442207,53.2123075,0.201422697,6.171329952
26.92108543,38.16758654,15.18276176,36.94862769,40.78902986,5.495805288,19.83786966
25.34328606,33.06691329,17.10114766,17.71327123,45.40732217,2.187998509,0.772332112
19.27116855,33.82963615,10.95729055,33.17820248,67.80785839,13.19641685,2.565535449
19.81883246,34.43542011,13.17694698,33.18116144,44.81003946,6.381499446,4.492775529
19.12508305,38.90703721,19.68674606,34.43448969,49.22937106,15.34358657,16.2221208
24.9260734,30.49214436,12.62342967,36.27877174,54.02949194,4.138323747,17.57034418
28.5256613,39.54063703,13.13050145,21.31286826,70.30939778,18.00469715,1.429027612
23.20560615,35.46531358,18.36498491,20.38942726,63.29603859,10.4596303,0.649202835
19.93017809,34.42862704,10.50214432,26.172136,67.5599994,2.290123929,14.89113714
24.6965079,43.19244856,14.64613169,21.36214005,62.68049302,8.016904713,2.667040135
27.7410266,36.90003593,13.79616764,32.62343974,67.34369701,4.135210481,2.659971741
26.90054474,31.42579568,13.1658676,30.26254984,40.11368615,3.993708523,0.44733069
28.57740936,42.40120152,12.85699594,35.99970451,77.23592577,10.12739475,0.996157552
21.33482517,30.71461886,10.91374105,16.98571928,44.43680923,13.43784031,5.273509172
20.32744641,40.90123836,13.14825829,36.962,56.24996384,18.23236411,1.300109788
28.55779783,41.60859333,10.43052403,22.04036704,70.84153481,10.04324022,7.377581833
25.89072375,35.28903909,17.80963864,26.7766643,57.40922872,19.3167755,16.65550062
21.73114716,42.37181784,13.98227794,25.52667446,77.87370207,18.83269704,6.526405146
26.90817661,37.73489109,14.43903832,33.24747963,58.70355794,17.3012506,14.55668325
27.78142061,36.9494048,18.93594586,25.08799943,74.99757622,9.999545299,1.878199297
25.37973888,30.68104922,16.58054984,37.6452755,72.43312453,2.818078874,13.18750375
26.25460932,34.3504379,10.08059103,36.66081318,79.23945211,4.358089396,6.334943665
22.50311885,43.96514956,19.43174823,35.93186765,77.06191123,12.95340005,14.99505757
24.46434801,35.87735945,12.37144466,16.71019998,75.92495339,8.435099606,2.725040281
24.28991005,38.20050781,11.07614185,35.50219348,69.26417362,2.936032635,17.95766756
28.17657349,37.98032518,17.68128178,33.75925069,54.67992589,9.579878673,4.851544058
28.07956776,38.85646635,15.00477316,17.48431073,44.24501674,0.34861091,7.062755866
27.99216563,30.91996433,14.33770566,17.57794381,67.54580209,14.67790742,19.00361422
18.13237937,35.43264382,12.4950308,17.42793148,79.14616325,1.47162589,11.56964719
26.99454581,40.84692411,15.4747149,15.27198224,69.06417749,12.5822724,7.315430379
27.10411668,33.00840377,12.74384605,28.16722332,77.14917477,15.86020615,18.99204294
26.14054587,33.05367566,19.01583005,38.36146299,72.17218852,2.652877489,6.581548338
27.07517589,30.1513591,12.1520448,25.52843287,46.524587,10.37277381,1.897414254
28.10364446,36.5622289,18.8435515,27.97818005,49.96815082,15.58135029,19.93697776
23.64382865,43.24101571,15.59405426,38.23127512,53.67462407,5.212669095,5.356898411
24.02460256,30.77851415,18.28488134,21.12437349,46.73041777,3.25833186,17.02515697
19.49656868,32.86678064,17.12845996,35.60328606,63.26605331,6.736382219,3.310815896
22.6245106,34.65126808,16.96695111,28.11337121,79.01802097,11.09398353,14.62707944
25.72038216,40.97587105,13.24345808,28.66743635,70.45835334,11.5055919,10.48898789
27.36479731,39.60953389,12.33896931,23.23617257,56.93546996,2.617526669,19.61813117
20.60650917,36.23915857,12.10886228,28.47802466,40.18017924,9.151376953,11.05660712
19.65387479,41.38603409,18.57191657,16.75542023,52.53104045,5.365643911,0.500303038
25.95650405,39.14446517,18.2042682,33.35144574,61.07037151,16.84048436,12.07755979
18.0225586,43.44061199,14.40573528,21.83250628,52.97003495,6.271502641,2.906329127
20.14047101,42.27040124,11.32404613,36.30259991,44.44139692,16.77409049,15.97081831
18.34885656,33.79220409,13.82252252,23.82841667,57.71059827,8.571292252,17.13136393
20.00262141,34.07157866,16.19343454,18.42777865,50.13011268,14.53171532,9.641870376
20.17583136,31.88034714,14.54403154,31.70115778,76.36929506,10.20120457,15.66442914
22.65208314,35.05447089,17.80189268,18.94987547,44.07018114,12.43925248,2.90221471
22.8279255,44.99315878,19.97622822,33.08833237,41.96610515,7.907130217,9.841563731
28.49114965,36.08626753,11.91132088,38.23469367,40.21256677,15.36413536,7.878885294
24.12131655,33.30732652,14.5965082,33.70926885,53.12278738,8.503787671,12.22634774
26.68085719,41.43724327,14.30983902,15.53878196,66.41547353,9.149232932,0.889543776
19.2496483,38.13706505,13.04492533,29.39725891,69.21655012,10.35357336,15.04245676
20.70526507,32.24402174,11.98095517,31.6898561,58.13046734,16.63648237,1.582585789
26.43532129,35.71034522,10.65692116,34.81099982,67.37314602,13.18757857,13.12943035
18.63364753,36.21704573,18.87119317,16.34405541,54.39656145,6.983207731,0.369144511
23.83917195,41.30744551,14.19848698,26.52258787,66.7122488,13.40639268,16.63776128
25.19242759,30.31007053,14.96895519,27.84890094,41.62383941,12.84853146,3.493992604
25.22574773,34.0352947,19.16942048,19.0589967,55.63011938,18.62038552,10.30994952
18.27519374,37.76394452,17.76290478,22.73879543,71.63398711,16.82832872,5.229858075
21.86529605,34.03270114,11.30501264,25.56532143,72.12024122,12.94893848,14.45294404
25.63788781,39.42651071,15.65419968,34.99703251,68.64595116,6.830142214,6.427022004
19.78799683,37.22801219,14.42252277,37.30578159,48.16954482,15.59152898,14.49218387
26.34498778,35.42565382,17.97211073,30.08214789,49.88820476,11.50416586,5.697424137
26.95110251,44.2381294,17.24232548,24.47868446,79.84354909,19.70539976,15.04946182
29.78363029,39.48239249,16.90405722,21.09674443,44.13512029,4.950122571,0.612109927
20.51810394,31.94912058,13.40544835,38.57124443,47.22650796,1.593116819,5.666226707
27.90156801,38.40137546,18.0496373,38.59247995,45.20105023,1.397836238,9.972670129
24.24355892,41.7109778,10.52391296,37.19944676,53.10619855,12.80060777,0.901191638
22.48155115,40.62734546,11.59624901,33.8560596,48.40703341,18.78520458,3.720681227
19.46852109,32.58133844,13.35623273,22.81870905,59.90751838,0.038638286,18.69073963
26.82606728,44.58629999,10.76807441,34.6080116,59.04082828,14.51542094,19.5366853
20.83029119,36.73220469,12.34994278,24.81103241,76.06022478,13.14130365,14.79499895
22.45706402,32.38537506,18.30150983,22.84255436,41.3895979,14.64608384,5.044001012
18.75050672,32.70293631,19.48251538,32.8767686,52.79518307,7.108108135,5.210348909
27.61640299,31.47352488,13.04602356,16.91169426,63.86631568,16.40992889,12.91580716
27.19906229,42.05277163,12.64515804,16.16550536,64.19207047,0.894138628,2.351992332
26.80338996,31.83045741,12.79892652,25.75088873,59.20504916,15.10862201,18.96618761
21.59332213,31.87687886,12.77719087,25.69533122,72.62662163,5.341438827,4.49625799
20.08176089,42.75707422,10.35930182,36.49545967,42.50888686,9.536755497,19.99271251
25.65063917,35.16906127,19.26916346,18.02767431,72.61951062,16.45272543,9.914675906
23.95399661,30.46286856,12.13698142,17.95881426,59.79016962,5.427180704,15.42859978
20.1390296,30.77842949,14.20004074,18.53886241,45.3504278,3.704150233,0.04368189
26.23093525,32.1325567,10.09686883,15.71367027,75.42807654,13.62626371,17.7749281
29.89351718,33.20090022,18.57955091,16.72156171,65.96915118,10.66789783,5.400040896
26.96663505,39.97719291,17.31157344,30.8368768,46.54182747,10.28807737,13.35873489
26.87983664,32.3598942,19.46756035,25.3580239,41.34598894,5.135390311,16.12710562
29.40375304,31.78311587,17.81615479,33.32647361,45.64438593,0.697606116,3.282954811
20.43523641,41.47078712,13.13706512,38.82234525,64.35191841,8.205382767,8.850189627
24.78659958,40.06582926,12.47873359,30.81683235,47.17184941,2.131189609,9.876718813
29.75576058,36.52986332,16.97716308,16.21093369,49.030523,18.11978301,6.242389307
19.98352933,38.23964657,13.64112775,17.50950875,41.00558903,0.825006469,9.635116595
26.40302351,34.6797603,15.66215016,36.14409804,68.91722689,8.633017084,6.350913153
25.02972175,37.2375063,10.06257471,27.65990267,72.41457599,1.044911674,7.214954901
25.03774911,37.60008973,10.61885702,34.79609183,71.87392707,1.910877491,13.38662357
26.37204753,35.80855907,15.35367941,35.55869607,45.10272605,13.17733334,12.65186537
29.15540307,43.59858316,15.66071646,37.264189,76.1320451,12.94222522,4.645314516
27.39098328,30.24092797,17.51452944,37.79590093,66.89115318,0.661043898,17.9496577
18.67363324,41.73256895,11.3196532,28.31581912,75.9011449,0.022629502,17.25577091
28.23273624,31.86574247,15.13183084,23.18448413,57.88642018,1.576361545,10.18166613
20.70649596,41.96321041,11.94447644,38.08475698,57.47819444,15.25997795,8.665014854
22.52296998,39.23867874,10.9319612,28.13775374,71.38146075,11.69152946,7.53711966
23.54079376,42.64917136,14.10495794,16.54206535,43.73191422,0.762364904,14.14535837
23.77087201,31.46271488,11.63336648,30.4266372,60.83496147,9.761940317,13.43332114
23.22216479,38.38470951,12.21781978,29.10443401,73.45536943,14.24058714,3.923612139
29.24823953,37.5163182,13.1755458,36.49902895,73.20770252,17.37902789,13.42916063
26.47222809,40.59289774,12.59388401,30.67649254,78.24531425,18.68072981,5.048623882
25.57404775,38.01435828,10.87591297,23.37725819,67.93090374,6.548811259,0.37116673
18.59810433,38.11101851,10.89916245,38.18941742,48.31082518,2.716648568,13.98417355
28.84695996,36.44393915,11.93249415,34.23886766,40.8112126,4.738518415,12.89587205
28.9126823,34.63251636,10.50559188,30.13002284,59.17663195,15.52342984,8.216185247
27.36255676,37.23396542,16.2645702,22.03020488,60.54815462,19.4296843,10.51372112
18.08435045,31.77738538,12.87326717,23.96496711,49.61050338,9.327872347,18.94338383
18.68736301,44.42270008,12.79745968,31.07927818,44.98789788,6.107064271,11.90400362
20.70268443,40.71616145,13.31998294,16.72753964,63.44832665,8.583811639,13.15767871
19.5761929,44.28700675,16.62796274,21.1603342,70.57022696,6.096262893,1.278226419
22.78603236,33.40091073,18.70633881,32.1336224,79.72616414,5.129750464,3.319889214
29.0714767,43.1901153,17.59086933,26.52044424,70.33210469,11.87501505,6.019045528
23.66472521,42.13184977,17.2752923,24.65744556,71.74529657,0.314719607,10.78758636
18.16083152,40.15728619,14.84391186,18.63498294,64.65843513,5.191044973,15.53181792
21.39294827,39.37543779,16.93805557,25.60437683,79.43690636,13.22764156,6.424817556
18.5351389,34.74824498,15.52762368,33.4966073,65.5982554,0.641253926,7.12764861
18.43545147,42.24616177,12.16250528,21.33630831,74.41013146,1.66403633,5.123017703
21.30863824,37.52273192,12.08588368,15.12956501,77.83138585,5.867922896,5.092186586
21.30734806,31.06337364,12.96392007,31.04411763,77.19434002,17.55609597,18.97727692
27.44551923,34.69294741,19.10802671,38.34303851,55.25661375,15.2977232,12.70914359
29.69801583,44.02945648,15.4741484,29.56383753,43.14648233,0.443132588,3.118024871
22.45448513,42.76020391,17.33905377,17.87812461,46.8749481,10.03425633,14.44497156
23.14664255,44.72858547,13.4655876,22.69759422,42.36893222,5.49374988,14.44042287
28.13747324,39.41990074,14.07715771,35.82339875,44.21587739,12.97291318,13.32940392
21.21766824,33.7126511,11.25565579,20.58163378,47.38604984,14.43107765,2.694408902
19.87658165,32.44222575,11.71294958,29.58470168,53.64377266,17.25725154,8.159829669
28.23707548,32.80371661,18.27356555,24.664109,61.74158586,9.508324742,2.13512661
18.55800704,30.29693488,15.84838632,19.98824931,68.46728237,19.88900177,16.33241008
25.43639328,35.86023166,13.37532466,34.52176545,48.43709344,19.59972215,13.10344286
24.74391417,32.87141521,18.02851209,32.82795064,66.90089617,17.64333449,10.14407874
22.15104537,36.17483191,12.46519906,30.87818558,68.17036298,11.4973899,6.86030953
21.78227425,44.02491648,19.76032699,20.67207817,62.34489347,7.96012875,3.68498949
27.26229271,36.45810314,13.44817608,17.34856807,76.14471479,7.287726203,2.128951777
19.03709533,43.16976745,13.37310954,28.82782392,44.43979256,0.242495002,19.38481215
20.84141171,39.0825715,13.11911906,28.288268,47.0848583,4.983489945,3.992972839
26.78938478,33.70697332,11.22111516,19.52124022,57.14659298,14.3761647,1.197492534
24.579847,35.33782139,11.11137147,16.34992066,45.06850941,12.072642,19.23333544
19.5358585,31.25879304,16.48105035,16.9370029,62.65184575,18.32844378,10.97903483
28.58562737,35.0019389,18.75118045,38.82650368,55.93601866,1.000445338,15.9331347
22.72137416,40.16311418,17.9052051,33.80601347,51.38383178,3.105532064,0.875316944
27.9344205,31.08166639,11.41107594,37.12769942,46.79959252,15.78487579,11.33891715
27.45255619,33.08102113,15.45582122,19.68131333,53.41352953,7.170152624,7.964199282
25.49310536,35.72161562,11.05591546,38.05364487,64.31837403,2.366906674,15.43928869
23.93377358,44.73074306,10.45294644,18.42370444,63.03140844,19.9290101,0.768512913
29.75461008,41.77292734,16.56385859,27.21796389,46.54496001,15.74500605,8.033811371
19.73958087,41.0023012,15.35152334,34.91269643,44.99679243,8.174820735,15.98146839
26.70186873,31.74286435,10.82023685,23.39528051,41.0670705,16.46694954,10.45394529
20.29428842,41.7149384,10.34939246,25.1958848,40.49702375,13.6120774,11.00077482
22.05915726,41.77903217,19.89756413,18.07644265,75.19241743,15.79949519,1.943293639
21.70438492,39.01654043,10.30021332,17.95012512,41.80355424,16.30412755,2.646611122
29.36443185,44.85542673,14.44528253,29.86963739,69.24884439,1.694573666,13.53999211
29.60827413,34.87880859,15.04619025,31.21277685,74.87940385,12.45945775,13.50093245
20.19618533,44.11908672,11.17280148,33.65598034,43.92231394,0.13571106,19.58206789
18.26442192,43.72096672,11.69061778,28.36036926,57.45205695,0.869124926,14.23905976
26.64009648,30.1722099,13.51805006,30.49822301,78.49211933,18.07960018,9.864869919
23.01587921,36.7517479,17.61675876,15.32441452,73.36554642,10.55127443,17.14655647
19.06608294,44.6565635,15.07082424,18.89209745,59.58816127,14.71803972,2.089459716
26.20504927,31.54682044,16.37901875,38.63795438,70.50284451,16.77001981,8.985916418
24.54126634,38.21677042,19.85174555,16.82384415,73.33510498,18.99173535,5.742182219
29.76620186,44.68436261,17.68005435,31.29091733,53.92107853,17.38705696,2.092756139
20.72891395,38.33243136,14.34361498,19.22598319,75.68611667,9.666228974,15.27004169
22.84773452,32.84722954,14.46441922,32.20124606,58.81893279,6.719406148,10.21584061
24.51054964,38.73274845,16.18772077,31.94376967,61.11229454,3.089864724,11.1353744
27.50039986,33.06660861,16.65365208,20.62077743,79.98830551,8.00642965,8.225103758
24.58606388,37.79556394,15.00710926,21.47122558,73.73211865,7.329871583,9.206744632
25.35480193,31.11063327,16.44861223,30.71449713,54.47080023,11.19149684,2.320347742
20.71376462,39.08224004,10.23532494,24.36206493,40.41382386,13.31018818,13.45835649
28.16302474,37.75184909,14.29622864,19.66915127,65.04696295,19.56650953,8.648947192
23.14356656,41.10242053,12.78938076,32.56031037,68.15653705,14.56772372,16.33535146
19.69151553,39.46050707,11.29174445,18.69954058,66.03210761,12.87497065,3.925744003
25.97025497,38.24409403,10.99546513,35.53544794,78.71449405,6.701848685,4.101101868
20.59308544,40.34668274,16.03192166,27.35206858,74.51884109,0.69007753,12.91519143
19.17075012,32.1591287,15.23600547,17.53681449,57.95326773,5.762502577,16.92006847
28.3438429,38.93039492,12.53584117,31.657736,42.5142995,15.36895801,9.443956772
23.52194717,32.58165904,14.70950059,27.45991295,59.04235078,4.105438816,14.53907737
26.99140455,43.88283312,14.92232315,22.15338172,67.5697608,14.24376387,19.98659843
21.48705072,31.02501157,11.9500898,25.14094513,64.30839233,11.59559685,19.80531279
27.44364162,36.45562125,16.52093062,22.16010585,61.52548271,3.437137395,14.88673686
19.34323112,40.43696216,17.80919356,21.31262006,58.75275832,5.232496126,14.79172979
22.27168049,36.87033318,17.91463541,18.9266021,51.75047492,9.92607207,4.952377744
29.73674182,31.3814288,16.02469831,23.7064112,51.09387047,8.367494102,16.67079263
27.5278766,38.30068524,15.11638583,21.02369295,60.00925916,15.57127695,8.102042541
23.96707116,39.62447863,10.61007143,31.40242769,46.42412586,14.68809285,19.2398782
22.07732966,40.55688466,12.87831299,31.41304179,53.62741694,11.49149007,1.628553774
28.4656284,35.59889722,10.93271447,27.04416582,52.95917099,16.44549423,8.716807377
24.53817311,38.45489957,19.63823161,33.67066866,63.48531206,11.25339081,11.11680975
27.10110021,36.76029712,11.35080146,35.19215326,42.66729201,19.28778513,8.103124142
27.04929216,40.08084058,11.5177541,28.91439498,73.18674721,4.344481983,4.21158381
18.21534814,38.75335451,18.89576618,29.85444391,62.49513522,14.28263987,11.85976978
19.51504539,37.88634329,19.43928283,21.78926183,66.83306723,7.398882641,15.11835829
25.9155524,33.7428655,17.65829039,36.47686082,68.12375615,5.579323888,12.89677192
19.93943774,30.03027777,10.05404924,15.58094507,51.65936547,3.607749519,4.688976976
21.06592014,32.61122513,10.01346271,23.36645927,58.8148627,11.05006953,14.63215889
29.35965545,31.75599062,13.7810077,32.32321012,78.24983823,4.309388655,5.137956121
24.7221871,36.73627118,11.4339537,16.92214823,70.66820952,4.007017029,3.504047258
27.00875408,39.18387226,10.18386142,19.39606866,78.78227501,19.8106381,13.81336031
24.69576887,33.19627513,14.64066689,29.14285747,69.85017381,16.03494834,16.85574492
24.63016338,44.08585644,19.43061897,28.43984812,47.02400559,14.96553641,9.630788954
19.12982292,30.10023194,13.23819575,32.73427911,42.58143535,15.88121252,10.62783586
22.12395831,41.58451523,16.61140678,34.50270334,63.10645747,19.37845747,6.054951409
21.38917078,39.37807154,16.52235353,18.08590988,54.31253119,11.46553378,9.892360302
22.68874039,35.60332202,12.51080104,15.44114375,51.01831641,4.404877548,2.63965996
27.58013026,30.75733417,16.50425249,31.55132447,72.28843986,17.24419282,19.11661659
22.46319202,39.41229858,12.12333974,22.2334031,54.67973068,14.85461459,16.00721307
23.42036183,35.78420269,11.22007414,30.02361393,52.68003879,8.286166247,13.35946122
22.76857669,44.04400709,17.01383286,18.61307011,73.99950373,9.471389971,10.76388743
19.12089566,38.12985112,11.13440817,26.25696112,73.85149346,8.22504797,15.84338272
23.2928659,44.09477267,19.96909219,27.10619391,54.25466551,18.5988432,9.895144792
20.34731128,33.3072554,11.83452401,29.04186759,73.29994804,6.87063223,5.999478163
20.24067955,40.88588866,15.94141863,27.31608039,74.03113961,19.26968557,3.207484703
19.12843325,39.25873531,14.11374571,26.89657849,56.9572214,18.20543543,12.95171178
22.28005169,41.09112345,11.26386422,22.9856197,42.65892521,12.61042284,18.5885149
27.08978262,33.22001796,10.27843908,16.70832567,40.06338578,11.59643546,3.07237107
21.31730029,39.97491774,16.22732282,17.14848472,60.93169852,7.401785601,3.600360901
21.74818922,37.4706059,18.06757564,25.41067859,53.76301973,0.36676778,8.672120668
25.71209589,41.14237462,18.42015662,23.53903507,79.88527577,2.552463725,16.13798696
20.35008975,34.90566966,14.82713473,27.38723531,70.89643999,15.08462647,5.878454579
28.76349517,43.35085538,17.77455467,22.31611606,70.45101825,9.430802532,5.078258493
24.24228628,31.26451972,16.72847133,31.50984219,78.20971073,2.996762684,12.39932583
23.37123528,42.10783978,17.24254527,35.73491573,75.50897592,5.279217083,10.71229564
24.6938423,42.91979439,14.92599005,22.17271653,52.72749918,18.956738,1.204407289
19.99241176,42.25878467,16.3341174,19.63161619,46.63948886,7.342656706,1.629799546
25.36167766,37.69089591,18.05525914,17.78833378,69.8356906,18.1536389,12.8602596
22.35720884,36.5757747,13.97884176,29.79009697,55.13095575,6.092716646,9.302471983
28.76623609,44.9439343,18.05978901,25.65254379,58.92690607,10.86440189,19.41954383
20.02625048,33.43757927,15.92016843,19.51237721,65.21590925,0.409541667,13.57062821
24.08461325,38.20313949,11.65901024,30.6752816,76.31490708,10.43750221,0.20147324
25.17735155,40.06013288,10.24684157,18.56359639,56.76351015,12.73884021,9.620375596
18.40060322,40.51301454,13.627536,28.30321694,71.33267561,4.686101987,8.288958701
22.3643175,33.06036999,15.46696328,27.65156116,50.73359165,11.57874352,2.1342772
26.79162282,39.80991139,18.39820352,32.62146723,67.91887164,12.94335544,18.46417672
27.84453009,42.2755435,11.2748568,16.32263136,40.06317684,13.73772157,16.10022598
21.75794394,30.75027865,18.00206348,36.30895036,74.86028854,15.52806644,4.601718168
27.58311927,43.6728194,18.63009046,31.87180143,41.2151832,6.226784859,5.119615177
29.61307053,30.44256083,11.50687487,20.18702396,68.51015019,11.35553913,0.640361066
28.28248723,35.33956549,18.51594319,19.40172837,41.85032757,19.6315806,5.934349032
19.41172786,30.23719794,19.91453568,25.35984514,50.64982798,17.96288341,11.69244018
26.87676399,31.15717753,17.26838831,34.62156791,59.88809614,19.05330856,8.416867768
21.83600199,43.66752428,17.84769682,35.23079984,56.79754741,7.722727971,19.38510927
29.86099187,35.32291246,19.94415268,27.49094621,47.67344458,15.73856212,1.121603385
23.8243078,36.37157296,16.05481251,35.6594607,53.35259647,12.39795904,11.82860318
19.46920678,33.23016572,13.07886382,15.13064902,69.1082548,1.654701661,17.16618881
26.70222658,38.95643655,18.37530834,15.84419116,66.7702837,16.47960778,9.614818248
21.87613438,38.92204822,16.14485778,36.88371825,42.87258335,13.54202553,0.059254411
29.96493788,35.58300588,15.81195424,33.60796632,69.89263302,3.97834719,4.856029997
29.75738949,34.99552308,12.53635556,25.8169454,42.12183525,1.594771149,6.475379513
25.87360822,43.27446462,17.5633427,33.08664316,61.71705556,16.74044261,19.31988989
19.55791739,35.74926359,10.81667276,37.93534708,50.40250992,1.57803659,18.23546564
26.24233197,37.40251488,19.24287071,33.53014857,63.5076051,1.827077307,18.9834101
19.11636584,34.24957144,13.25823461,35.21691201,50.45313584,8.548165758,16.51516915
18.35236991,41.80154255,11.27774653,33.25455795,79.39831879,2.695956568,7.032954682
